type,ID,MC,SF,CSM,_JWDWZZB__ID,_JWDWZZB__WD,_JWDWZZB__JD,
ZGCS,eff54807-2e0f-4716-8467-f56562b5562c,北京市北京市,北京市,北京市,eff54807-2e0f-4716-8467-f56562b5562c,39.904138,116.407112,
ZGCS,3217deab-eeb9-443b-ac36-dd6f0c034fdc,天津市天津市,天津市,天津市,3217deab-eeb9-443b-ac36-dd6f0c034fdc,39.13000573,117.1999887,
ZGCS,4063614c-f379-4f07-a3a8-b553343089c1,上海市上海市,上海市,上海市,4063614c-f379-4f07-a3a8-b553343089c1,31.230427,121.473523,
ZGCS,673f3ae1-0899-47e5-a39f-9bcba6c51bda,重庆市重庆市,重庆市,重庆市,673f3ae1-0899-47e5-a39f-9bcba6c51bda,29.54407809,106.5227016,
ZGCS,ebd659be-3dad-4e89-b172-9ab197fe9421,辽宁省沈阳市,辽宁省,沈阳市,ebd659be-3dad-4e89-b172-9ab197fe9421,41.80199341,123.3833914,
ZGCS,da4f215e-a0d1-4811-ac38-29693df824d8,辽宁省大连市,辽宁省,大连市,da4f215e-a0d1-4811-ac38-29693df824d8,38.94382049,121.5765993,
ZGCS,3476b07e-4d43-47f0-a31e-07157062c020,辽宁省鞍山市,辽宁省,鞍山市,3476b07e-4d43-47f0-a31e-07157062c020,41.11529924,122.9770044,
ZGCS,5b7a03f7-0cfc-42c8-a4df-332ecaf5f3da,辽宁省抚顺市,辽宁省,抚顺市,5b7a03f7-0cfc-42c8-a4df-332ecaf5f3da,41.8591993,123.9055447,
ZGCS,7bfc64cc-579c-4b8d-977a-a6cd225c9798,辽宁省本溪市,辽宁省,本溪市,7bfc64cc-579c-4b8d-977a-a6cd225c9798,41.30149307,123.7649534,
ZGCS,a8d1bd1d-74b6-4253-84e0-336a818cc91b,辽宁省丹东市,辽宁省,丹东市,a8d1bd1d-74b6-4253-84e0-336a818cc91b,40.10989985,124.3568851,
ZGCS,848324d2-e2d0-4c8b-9499-8a85b6770254,辽宁省锦州市,辽宁省,锦州市,848324d2-e2d0-4c8b-9499-8a85b6770254,41.11587866,121.1441509,
ZGCS,7cf1e85c-397d-44d0-a725-2bca01b96294,辽宁省营口市,辽宁省,营口市,7cf1e85c-397d-44d0-a725-2bca01b96294,40.68639574,122.277726,
ZGCS,02ba27d8-56b2-448b-b1dc-5fac5a9280b1,辽宁省阜新市,辽宁省,阜新市,02ba27d8-56b2-448b-b1dc-5fac5a9280b1,42.01333533,121.6469168,
ZGCS,19178afb-58ab-4812-befd-d3193cd795ba,辽宁省辽阳市,辽宁省,辽阳市,19178afb-58ab-4812-befd-d3193cd795ba,41.26606879,123.1713968,
ZGCS,b4ede7d6-abc5-40b1-88c2-dbf2d1c638e9,辽宁省盘锦市,辽宁省,盘锦市,b4ede7d6-abc5-40b1-88c2-dbf2d1c638e9,41.18020029,122.0509175,
ZGCS,f8a38e39-d9a4-4136-9a97-ebfd9a7a2173,辽宁省铁岭市,辽宁省,铁岭市,f8a38e39-d9a4-4136-9a97-ebfd9a7a2173,42.29094083,123.831052,
ZGCS,867bce85-57c8-4d0d-a2d4-e306c8bba92d,辽宁省朝阳市,辽宁省,朝阳市,867bce85-57c8-4d0d-a2d4-e306c8bba92d,41.57877068,120.4561008,
ZGCS,99ed2db1-acc1-4930-baf5-323e26bc4f54,辽宁省葫芦岛市,辽宁省,葫芦岛市,99ed2db1-acc1-4930-baf5-323e26bc4f54,40.74091375,120.8444999,
ZGCS,d96065b4-6803-4305-a9e0-20885f72e360,吉林省长春市,吉林省,长春市,d96065b4-6803-4305-a9e0-20885f72e360,43.86666945,125.3500003,
ZGCS,94381e2c-15db-4499-bb06-dcf0248ca5fb,吉林省吉林市,吉林省,吉林市,94381e2c-15db-4499-bb06-dcf0248ca5fb,43.85085241,126.5670014,
ZGCS,cc1cac7b-8951-4507-b777-fcd341b5e9ba,吉林省四平市,吉林省,四平市,cc1cac7b-8951-4507-b777-fcd341b5e9ba,43.16149282,124.3649469,
ZGCS,4cc3e7d0-e719-4c53-98f4-8c96886591e9,吉林省辽源市,吉林省,辽源市,4cc3e7d0-e719-4c53-98f4-8c96886591e9,42.90292028,125.1338888,
ZGCS,52ef1e13-f38c-456d-8d12-492d4c0cc295,吉林省通化市,吉林省,通化市,52ef1e13-f38c-456d-8d12-492d4c0cc295,41.72085583,125.9294041,
ZGCS,20d19272-e900-4e7d-a87d-5bd32271d94e,吉林省白山市,吉林省,白山市,20d19272-e900-4e7d-a87d-5bd32271d94e,41.92996026,126.4151101,
ZGCS,f7e8c789-1b17-44fb-bfac-7408a651d11a,吉林省白城市,吉林省,白城市,f7e8c789-1b17-44fb-bfac-7408a651d11a,45.61492847,122.8399156,
ZGCS,5103dff3-7f40-4255-9f99-4ed76226b3ea,吉林省松原市,吉林省,松原市,5103dff3-7f40-4255-9f99-4ed76226b3ea,45.18003893,124.8028746,
ZGCS,44772c86-c09e-4054-979f-b592ea076a80,吉林省延边朝鲜族自治州,吉林省,延边朝鲜族自治州,44772c86-c09e-4054-979f-b592ea076a80,42.93364449,129.5028482,
ZGCS,da9b66df-7097-4915-a207-4c741effd0ca,黑龙江省哈尔滨市,黑龙江省,哈尔滨市,da9b66df-7097-4915-a207-4c741effd0ca,45.75521417,126.6225811,
ZGCS,25e93d46-2960-4ae8-a8c1-02fc29fd76d7,黑龙江省齐齐哈尔市,黑龙江省,齐齐哈尔市,25e93d46-2960-4ae8-a8c1-02fc29fd76d7,47.34411388,123.9650286,
ZGCS,93c6015c-66a1-4c30-bcf7-d456c4dca784,黑龙江省鸡西市,黑龙江省,鸡西市,93c6015c-66a1-4c30-bcf7-d456c4dca784,45.28200902,130.9705864,
ZGCS,59479e70-5ce1-4a65-bd4f-ac4d226d5d71,黑龙江省鹤岗市,黑龙江省,鹤岗市,59479e70-5ce1-4a65-bd4f-ac4d226d5d71,47.32627801,130.2786936,
ZGCS,40be8cb4-75f3-41f8-942c-87e34156c68d,黑龙江省双鸭山市,黑龙江省,双鸭山市,40be8cb4-75f3-41f8-942c-87e34156c68d,46.62880192,131.1469662,
ZGCS,e1ebfc09-f546-4cdd-8f91-e4ae785974fb,黑龙江省大庆市,黑龙江省,大庆市,e1ebfc09-f546-4cdd-8f91-e4ae785974fb,46.59328805,125.0157541,
ZGCS,d5a5c99f-6e08-4112-9f75-d48072cad1a6,黑龙江省伊春市,黑龙江省,伊春市,d5a5c99f-6e08-4112-9f75-d48072cad1a6,47.7191001,128.9060947,
ZGCS,84ad592e-f43a-465c-9ffc-0501b3a12460,黑龙江省佳木斯市,黑龙江省,佳木斯市,84ad592e-f43a-465c-9ffc-0501b3a12460,46.79619327,130.3642752,
ZGCS,53617ea3-3399-4484-ae04-5ff42b0aff49,黑龙江省七台河市,黑龙江省,七台河市,53617ea3-3399-4484-ae04-5ff42b0aff49,45.79509766,130.8309762,
ZGCS,f3035f9c-ee1e-47fc-8f3d-70abe366460d,黑龙江省牡丹江市,黑龙江省,牡丹江市,f3035f9c-ee1e-47fc-8f3d-70abe366460d,44.57860692,129.6111449,
ZGCS,83c25f62-f1b4-41cb-b923-a5a646a8fdab,黑龙江省黑河市,黑龙江省,黑河市,83c25f62-f1b4-41cb-b923-a5a646a8fdab,50.2422134,127.4783875,
ZGCS,aaf01e59-0dfc-4142-82d8-42b7097a2803,黑龙江省绥化市,黑龙江省,绥化市,aaf01e59-0dfc-4142-82d8-42b7097a2803,46.63142683,126.9915879,
ZGCS,8bd0b098-39de-4a38-8b08-9855fa4ea05d,黑龙江省大兴安岭地区,黑龙江省,大兴安岭地区,8bd0b098-39de-4a38-8b08-9855fa4ea05d,50.4268536,124.1258971,
ZGCS,bfc4679b-ee44-4b72-8d25-e7a195ff47b2,河南省郑州市,河南省,郑州市,bfc4679b-ee44-4b72-8d25-e7a195ff47b2,34.76467175,113.6548802,
ZGCS,c8c9b1b7-4973-492b-9103-4c2417078872,河南省开封市,河南省,开封市,c8c9b1b7-4973-492b-9103-4c2417078872,34.78740779,114.3394045,
ZGCS,53fad730-84b0-4d5a-a287-08bd2a6fab6a,河南省洛阳市,河南省,洛阳市,53fad730-84b0-4d5a-a287-08bd2a6fab6a,34.67144594,112.361271,
ZGCS,cb7993f5-e35f-4a6c-9b87-d0ceea0a925b,河南省平顶山市,河南省,平顶山市,cb7993f5-e35f-4a6c-9b87-d0ceea0a925b,33.74024087,113.2931995,
ZGCS,c4e10ef8-4a92-4a92-9543-6d35abb364e5,河南省焦作市,河南省,焦作市,c4e10ef8-4a92-4a92-9543-6d35abb364e5,35.24168325,113.1527291,
ZGCS,9c551503-81eb-4ad4-b941-c6eaf5f49efe,河南省鹤壁市,河南省,鹤壁市,9c551503-81eb-4ad4-b941-c6eaf5f49efe,35.747,114.29745,
ZGCS,cf5e2d17-328f-4406-98b1-8d1d46dfa1ef,河南省新乡市,河南省,新乡市,cf5e2d17-328f-4406-98b1-8d1d46dfa1ef,35.30905018,113.8629952,
ZGCS,541b9642-edc1-4410-a015-3279cc306aa6,河南省安阳市,河南省,安阳市,541b9642-edc1-4410-a015-3279cc306aa6,36.09240888,114.3415981,
ZGCS,5d4591a2-47a3-4990-96bd-4f878f5c94f8,河南省濮阳市,河南省,濮阳市,5d4591a2-47a3-4990-96bd-4f878f5c94f8,35.77506746,115.0419618,
ZGCS,3773e1b3-d084-4ee2-a7bc-81f40939d87f,河南省许昌市,河南省,许昌市,3773e1b3-d084-4ee2-a7bc-81f40939d87f,34.02260667,113.805365,
ZGCS,6d972a79-9bbb-465a-bfb7-8a3c7a76b5a4,河南省漯河市,河南省,漯河市,6d972a79-9bbb-465a-bfb7-8a3c7a76b5a4,33.56324417,114.0258373,
ZGCS,80c55575-5ae8-421d-9b6b-680d6bb3ca6b,河南省三门峡市,河南省,三门峡市,80c55575-5ae8-421d-9b6b-680d6bb3ca6b,34.77862311,111.194817,
ZGCS,f8d1aa3e-5576-4480-b4e4-d347bd287d28,河南省南阳市,河南省,南阳市,f8d1aa3e-5576-4480-b4e4-d347bd287d28,32.99583664,112.5267803,
ZGCS,6805dd80-23b8-44fe-a248-4c720a00b29d,河南省商丘市,河南省,商丘市,6805dd80-23b8-44fe-a248-4c720a00b29d,34.43435225,115.6355085,
ZGCS,64f19510-815f-4fc5-aa7e-d23746a8f6c6,河南省信阳市,河南省,信阳市,64f19510-815f-4fc5-aa7e-d23746a8f6c6,32.12501022,114.0602039,
ZGCS,5532ba15-0b9e-4e93-be99-aadce65dc674,河南省周口市,河南省,周口市,5532ba15-0b9e-4e93-be99-aadce65dc674,33.61697834,114.6324398,
ZGCS,92b5cc6d-f65d-4439-9b2c-bf07102a12da,河南省驻马店市,河南省,驻马店市,92b5cc6d-f65d-4439-9b2c-bf07102a12da,32.98047804,114.0169989,
ZGCS,0d59786e-5020-4afe-aee4-3ea2723a5976,河南省济源市,河南省,济源市,0d59786e-5020-4afe-aee4-3ea2723a5976,35.08391765,112.5813545,
ZGCS,19d1cf1c-8c39-45e3-bbd7-441329ba1d30,湖北省武汉市,湖北省,武汉市,19d1cf1c-8c39-45e3-bbd7-441329ba1d30,30.637462,114.335269,
ZGCS,b67a9cc5-dd9c-468d-aa16-b2956a532754,湖北省黄石市,湖北省,黄石市,b67a9cc5-dd9c-468d-aa16-b2956a532754,30.21174051,115.1007259,
ZGCS,832ed6ff-301d-4030-8306-7daa30314e73,湖北省襄阳市,湖北省,襄阳市,832ed6ff-301d-4030-8306-7daa30314e73,32.08173949,112.0962145,
ZGCS,09d93feb-b5fb-4da8-abf0-1a129a48f346,湖北省鄂州市,湖北省,鄂州市,09d93feb-b5fb-4da8-abf0-1a129a48f346,30.399756,114.891608,
ZGCS,2bf5e672-3750-4d6f-9782-eafc0233415f,湖北省十堰市,湖北省,十堰市,2bf5e672-3750-4d6f-9782-eafc0233415f,32.65213,110.7828,
ZGCS,1fe1c2f0-15d9-4deb-a929-503fd6b5831f,湖北省荆州市,湖北省,荆州市,1fe1c2f0-15d9-4deb-a929-503fd6b5831f,30.30553874,112.2424083,
ZGCS,d0cea1f4-6729-4cbc-b6ef-6f8d24f7afff,湖北省宜昌市,湖北省,宜昌市,d0cea1f4-6729-4cbc-b6ef-6f8d24f7afff,30.70820288,111.280489,
ZGCS,13f105b6-5dff-404f-acd8-3222b08b0d4f,湖北省荆门市,湖北省,荆门市,13f105b6-5dff-404f-acd8-3222b08b0d4f,31.03147428,112.1945969,
ZGCS,4b3c85c1-114a-4c4a-9d8d-039a81ab343b,湖北省孝感市,湖北省,孝感市,4b3c85c1-114a-4c4a-9d8d-039a81ab343b,30.91934666,113.9000291,
ZGCS,64677c93-a18a-46f6-9ba9-3271e93b8e90,湖北省黄冈市,湖北省,黄冈市,64677c93-a18a-46f6-9ba9-3271e93b8e90,30.434299,114.880191,
ZGCS,32a50947-16eb-4f6d-a041-7121b4994a54,湖北省咸宁市,湖北省,咸宁市,32a50947-16eb-4f6d-a041-7121b4994a54,29.841767,114.322387,
ZGCS,b2e00d9c-371f-42a6-9198-c35f9e768305,湖北省随州市,湖北省,随州市,b2e00d9c-371f-42a6-9198-c35f9e768305,31.70977085,113.3632511,
ZGCS,6bffd576-e082-43b1-b8bd-5ee1fdefbb79,湖北省恩施土家族苗族自治州,湖北省,恩施土家族苗族自治州,6bffd576-e082-43b1-b8bd-5ee1fdefbb79,30.27487548,109.4739972,
ZGCS,6037e47c-7f14-411c-9465-52f26101b5d6,湖北省仙桃市,湖北省,仙桃市,6037e47c-7f14-411c-9465-52f26101b5d6,30.362638,113.454543,
ZGCS,050ce7b6-53c1-41cf-9cdd-b925444c7a66,湖北省潜江市,湖北省,潜江市,050ce7b6-53c1-41cf-9cdd-b925444c7a66,30.420952,112.89296,
ZGCS,0328f9ce-b1fd-41a3-8059-8dc6427c6997,湖北省天门市,湖北省,天门市,0328f9ce-b1fd-41a3-8059-8dc6427c6997,30.65625,113.16412,
ZGCS,63f56035-ed69-4475-a7c4-cb99f4794da1,湖北省神农架林区,湖北省,神农架林区,63f56035-ed69-4475-a7c4-cb99f4794da1,31.754316,110.67695,
ZGCS,b58fd2d5-9ccf-4bc7-ade9-9261d011d44d,湖南省长沙市,湖南省,长沙市,b58fd2d5-9ccf-4bc7-ade9-9261d011d44d,28.19765946,112.9684653,
ZGCS,4747009d-b8b6-474d-8e4b-a3055ba40843,湖南省株洲市,湖南省,株洲市,4747009d-b8b6-474d-8e4b-a3055ba40843,27.86289842,113.1087102,
ZGCS,ddd46ddc-19ba-4709-ba92-b4d225255c02,湖南省湘潭市,湖南省,湘潭市,ddd46ddc-19ba-4709-ba92-b4d225255c02,27.8666362,112.9080652,
ZGCS,aa789633-d4d3-445c-89bb-d6aeffa6afaf,湖南省衡阳市,湖南省,衡阳市,aa789633-d4d3-445c-89bb-d6aeffa6afaf,26.90188125,112.6136241,
ZGCS,cbfdac5d-82f3-40a2-92e4-3153b264388f,湖南省邵阳市,湖南省,邵阳市,cbfdac5d-82f3-40a2-92e4-3153b264388f,27.24266858,111.4594002,
ZGCS,5846982b-d3d1-42fd-aff6-d220f18c82e7,湖南省岳阳市,湖南省,岳阳市,5846982b-d3d1-42fd-aff6-d220f18c82e7,29.37808443,113.0956236,
ZGCS,aa62a95a-c78a-4076-9f0e-db226a61f7bf,湖南省常德市,湖南省,常德市,aa62a95a-c78a-4076-9f0e-db226a61f7bf,29.03096771,111.6829502,
ZGCS,953b6a9f-eecb-486d-bb08-a3da547f32c9,湖南省张家界市,湖南省,张家界市,953b6a9f-eecb-486d-bb08-a3da547f32c9,29.13027787,110.4752545,
ZGCS,c6f705a2-2f3a-409f-8c1d-6efc47faaaf0,湖南省益阳市,湖南省,益阳市,c6f705a2-2f3a-409f-8c1d-6efc47faaaf0,28.58302716,112.3270111,
ZGCS,ca1fe8a2-cf1e-4c98-a3e3-5498a88e1036,湖南省郴州市,湖南省,郴州市,ca1fe8a2-cf1e-4c98-a3e3-5498a88e1036,25.81173158,113.0250932,
ZGCS,75c4ef3c-ca5b-40cd-aae1-5cb00ade38bf,湖南省永州市,湖南省,永州市,75c4ef3c-ca5b-40cd-aae1-5cb00ade38bf,26.43174148,111.5758096,
ZGCS,bc8cfab6-c609-49bc-8f04-26e2f11b63bb,湖南省怀化市,湖南省,怀化市,bc8cfab6-c609-49bc-8f04-26e2f11b63bb,27.55272645,109.9452866,
ZGCS,67ab311e-eafc-4db1-9feb-befd59e09cd4,湖南省娄底市,湖南省,娄底市,67ab311e-eafc-4db1-9feb-befd59e09cd4,27.7499946,111.9833426,
ZGCS,01462595-da9b-441e-ab60-33691436e5b3,湖南省湘西土家族苗族自治州,湖南省,湘西土家族苗族自治州,01462595-da9b-441e-ab60-33691436e5b3,28.31623825,109.7274672,
ZGCS,e3b2abaf-4723-4d7e-b304-b2976d69fb3b,湖南省黔阳县（现洪江市）,湖南省,黔阳县（现洪江市）,e3b2abaf-4723-4d7e-b304-b2976d69fb3b,27.20860833,109.8366694,
ZGCS,58507614-57e5-479a-bfa7-fbe5e1f75d49,广西壮族自治区南宁市,广西壮族自治区,南宁市,58507614-57e5-479a-bfa7-fbe5e1f75d49,22.806543,108.31177,
ZGCS,1bc522f3-978c-4948-a513-2a49d24bab80,广西壮族自治区柳州市,广西壮族自治区,柳州市,1bc522f3-978c-4948-a513-2a49d24bab80,24.310406,109.40281,
ZGCS,6f334619-2800-4735-8d65-3fa8617829c2,广西壮族自治区桂林市,广西壮族自治区,桂林市,6f334619-2800-4735-8d65-3fa8617829c2,25.281883,110.28668,
ZGCS,24f3d66a-1601-4071-98c8-727f4cab0d0b,广西壮族自治区梧州市,广西壮族自治区,梧州市,24f3d66a-1601-4071-98c8-727f4cab0d0b,23.48662,111.30595,
ZGCS,176cbe98-a1fd-4a25-8cd3-fe01038db8c9,广西壮族自治区北海市,广西壮族自治区,北海市,176cbe98-a1fd-4a25-8cd3-fe01038db8c9,21.479797,109.11917,
ZGCS,904e3f29-5992-4833-8065-640126871611,广西壮族自治区防城港市,广西壮族自治区,防城港市,904e3f29-5992-4833-8065-640126871611,21.68713,108.35472,
ZGCS,770028e5-2c04-45b7-99df-7bd3fcea54e7,广西壮族自治区贺州市,广西壮族自治区,贺州市,770028e5-2c04-45b7-99df-7bd3fcea54e7,24.417259,111.53455,
ZGCS,6f6eebd6-0887-460e-869a-d814bf5e48f9,广西壮族自治区来宾市,广西壮族自治区,来宾市,6f6eebd6-0887-460e-869a-d814bf5e48f9,23.73144,109.23294,
ZGCS,e9c4912c-9761-4b16-adf1-108bf549185a,广西壮族自治区贵港市,广西壮族自治区,贵港市,e9c4912c-9761-4b16-adf1-108bf549185a,23.099092,109.60844,
ZGCS,2bedc34a-6236-4613-b4b7-03de3ad42abb,广西壮族自治区玉林市,广西壮族自治区,玉林市,2bedc34a-6236-4613-b4b7-03de3ad42abb,22.631897,110.14147,
ZGCS,ce1ff07e-50ff-4c72-a77c-7ff4353ffa3b,广西壮族自治区百色市,广西壮族自治区,百色市,ce1ff07e-50ff-4c72-a77c-7ff4353ffa3b,23.901583,106.61211,
ZGCS,a4a283e7-e3a3-4040-84c6-8816fa3ab6e6,广西壮族自治区河池市,广西壮族自治区,河池市,a4a283e7-e3a3-4040-84c6-8816fa3ab6e6,24.696892,108.05163,
ZGCS,46171aba-c5a8-49e2-8308-2314971caf3a,广西壮族自治区钦州市,广西壮族自治区,钦州市,46171aba-c5a8-49e2-8308-2314971caf3a,21.949869,108.6147,
ZGCS,4ae02598-88f8-4298-ac9b-e69f82b48122,广西壮族自治区崇左市,广西壮族自治区,崇左市,4ae02598-88f8-4298-ac9b-e69f82b48122,22.420197,107.35506,
ZGCS,627158de-3220-40b9-a996-a85dcbd42389,广东省广州市,广东省,广州市,627158de-3220-40b9-a996-a85dcbd42389,23.129173,113.264432,
ZGCS,fb4b3863-f6e3-44c1-a819-ef5396f92cf7,广东省深圳市,广东省,深圳市,fb4b3863-f6e3-44c1-a819-ef5396f92cf7,22.543137,114.058229,
ZGCS,c620b60a-8e17-4244-a23a-1594efafa3a7,广东省珠海市,广东省,珠海市,c620b60a-8e17-4244-a23a-1594efafa3a7,22.27099,113.576576,
ZGCS,8ecc1f53-ef57-4039-ad58-17da10afce7b,湖南省珠海市,湖南省,珠海市,8ecc1f53-ef57-4039-ad58-17da10afce7b,22.44836111,114.3948639,
ZGCS,0614f25e-3956-4aeb-b370-6b5f56f6906e,广东省汕头市,广东省,汕头市,0614f25e-3956-4aeb-b370-6b5f56f6906e,23.35548137,116.6757898,
ZGCS,f45ac865-b5c3-47f9-87e3-bcee770f18fe,广东省韶关市,广东省,韶关市,f45ac865-b5c3-47f9-87e3-bcee770f18fe,24.80469383,113.5888241,
ZGCS,d26f0f03-0451-4ea6-b056-5f07f9a86368,广东省佛山市,广东省,佛山市,d26f0f03-0451-4ea6-b056-5f07f9a86368,23.02152,113.121428,
ZGCS,f1946966-0f70-4687-8a40-883e4cc399c9,广东省江门市,广东省,江门市,f1946966-0f70-4687-8a40-883e4cc399c9,22.578646,113.082002,
ZGCS,85e57fc2-a28f-4257-acc8-2c5db69a57c6,广东省茂名市,广东省,茂名市,85e57fc2-a28f-4257-acc8-2c5db69a57c6,21.67064498,110.8914023,
ZGCS,17079c3a-e9db-49fe-80d4-dd522c6a7306,广东省湛江市,广东省,湛江市,17079c3a-e9db-49fe-80d4-dd522c6a7306,21.18997161,110.3842085,
ZGCS,da1a32bf-4b76-4434-905d-4ac1beb2a894,广东省肇庆市,广东省,肇庆市,da1a32bf-4b76-4434-905d-4ac1beb2a894,23.04715,112.465138,
ZGCS,1d880cff-8f0c-4a6a-ace7-90bd92983852,广东省惠州市,广东省,惠州市,1d880cff-8f0c-4a6a-ace7-90bd92983852,23.111182,114.416678,
ZGCS,9a7ed1c0-e5ce-4858-ba93-c57f1002727d,广东省梅州市,广东省,梅州市,9a7ed1c0-e5ce-4858-ba93-c57f1002727d,24.32135183,116.1189393,
ZGCS,5cf766ad-79cd-499c-9dac-9921568f133f,广东省汕尾市,广东省,汕尾市,5cf766ad-79cd-499c-9dac-9921568f133f,22.76635035,115.352496,
ZGCS,a2d0238b-b2bd-481a-b580-1c9ea6977eb4,广东省河源市,广东省,河源市,a2d0238b-b2bd-481a-b580-1c9ea6977eb4,23.73414705,114.6858995,
ZGCS,9c284446-ede9-4149-aaa0-bd19a7d11728,广东省阳江市,广东省,阳江市,9c284446-ede9-4149-aaa0-bd19a7d11728,21.8438332,111.9471063,
ZGCS,abdc0d29-a30f-4e83-92d2-19667bb072e0,广东省清远市,广东省,清远市,abdc0d29-a30f-4e83-92d2-19667bb072e0,23.68164,113.056073,
ZGCS,ee85a83c-0534-4d0b-882e-7dcfed54f5d3,广东省东莞市,广东省,东莞市,ee85a83c-0534-4d0b-882e-7dcfed54f5d3,23.020083,113.751647,
ZGCS,cfdbee9d-51c0-4deb-94bf-a36e05edc720,广东省中山市,广东省,中山市,cfdbee9d-51c0-4deb-94bf-a36e05edc720,22.516353,113.392135,
ZGCS,b3ab33b5-8968-4921-9eb0-66de1cee1d19,广东省潮州市,广东省,潮州市,b3ab33b5-8968-4921-9eb0-66de1cee1d19,23.667706,116.63666,
ZGCS,0c4b4dc7-d0b0-4bdb-881d-1c1c82ace03e,广东省揭阳市,广东省,揭阳市,0c4b4dc7-d0b0-4bdb-881d-1c1c82ace03e,23.53516172,116.3503027,
ZGCS,3927a9ab-4d60-4674-b69d-45569aa1ce1d,广东省云浮市,广东省,云浮市,3927a9ab-4d60-4674-b69d-45569aa1ce1d,22.93419797,112.0304961,
ZGCS,0db95990-909d-4284-8829-f5d8f1e48664,海南省海口市,海南省,海口市,0db95990-909d-4284-8829-f5d8f1e48664,20.03920587,110.3433604,
ZGCS,b7b5e65f-281a-4f38-975e-6f6ce7a33ec4,海南省三亚市,海南省,三亚市,b7b5e65f-281a-4f38-975e-6f6ce7a33ec4,18.234043,109.50782,
ZGCS,46181751-04eb-49ef-8f1c-2ac4978dae9e,海南省文昌市,海南省,文昌市,46181751-04eb-49ef-8f1c-2ac4978dae9e,19.620953,110.7559,
ZGCS,dbeb5139-9a2e-4676-98aa-9ee48478cc59,海南省琼海市,海南省,琼海市,dbeb5139-9a2e-4676-98aa-9ee48478cc59,19.246944,110.46297,
ZGCS,4809b25e-1d3e-4513-a287-248ea0dac19a,海南省万宁市,海南省,万宁市,4809b25e-1d3e-4513-a287-248ea0dac19a,18.800625,110.40747,
ZGCS,0dac773e-d8a3-4f3c-ad81-809482eb4bef,海南省东方市,海南省,东方市,0dac773e-d8a3-4f3c-ad81-809482eb4bef,19.097265,108.63303,
ZGCS,95b87a33-8970-4dea-b002-155ea4ee818c,海南省五指山市,海南省,五指山市,95b87a33-8970-4dea-b002-155ea4ee818c,18.769768,109.51604,
ZGCS,c08b7822-8192-4af7-b1bd-a3bcc80647a2,海南省儋州市,海南省,儋州市,c08b7822-8192-4af7-b1bd-a3bcc80647a2,19.518486,109.5755,
ZGCS,e149f385-d710-4bc5-9a6a-4270ef3452ee,海南省临高县,海南省,临高县,e149f385-d710-4bc5-9a6a-4270ef3452ee,19.91807,109.68616,
ZGCS,f069103f-0b95-4425-9030-556306fa1188,海南省澄迈县,海南省,澄迈县,f069103f-0b95-4425-9030-556306fa1188,19.741013,110.01385,
ZGCS,d9233469-5d42-4cfa-b5df-8e2793225284,海南省定安县,海南省,定安县,d9233469-5d42-4cfa-b5df-8e2793225284,19.702471,110.31812,
ZGCS,370e2ce1-f7f3-4bcc-9bf8-ab0a94b96257,海南省屯昌县,海南省,屯昌县,370e2ce1-f7f3-4bcc-9bf8-ab0a94b96257,19.364178,110.09362,
ZGCS,35178c0e-0619-4798-9baa-90b94135edbb,海南省昌江黎族自治县,海南省,昌江黎族自治县,35178c0e-0619-4798-9baa-90b94135edbb,19.258587,109.04832,
ZGCS,f1e31788-c969-440b-ab0e-20985ba5e458,海南省白沙黎族自治县,海南省,白沙黎族自治县,f1e31788-c969-440b-ab0e-20985ba5e458,19.235895,109.44775,
ZGCS,38dc5ab3-af1b-4bbd-94b1-f72bfbab06aa,海南省琼中黎族苗族自治县,海南省,琼中黎族苗族自治县,38dc5ab3-af1b-4bbd-94b1-f72bfbab06aa,19.04796,109.84006,
ZGCS,9380f3ab-83a7-4d61-8f67-ca46862eb0cb,海南省陵水黎族自治县,海南省,陵水黎族自治县,9380f3ab-83a7-4d61-8f67-ca46862eb0cb,18.505363,110.03392,
ZGCS,f824a460-150f-48ea-a7e7-c90479456412,海南省保亭黎族苗族自治县,海南省,保亭黎族苗族自治县,f824a460-150f-48ea-a7e7-c90479456412,18.640591,109.69551,
ZGCS,42280ce4-5915-4e35-b736-3aacca151ede,海南省乐东黎族自治县,海南省,乐东黎族自治县,42280ce4-5915-4e35-b736-3aacca151ede,18.746597,109.1728,
ZGCS,78930de9-0ca5-4ec8-8f43-456cc0e94279,海南省三沙市,海南省,三沙市,78930de9-0ca5-4ec8-8f43-456cc0e94279,16.2045521,111.793104,
ZGCS,0bedf74f-aabd-4e01-aa4c-b6a0a9038e84,江苏省南京市,江苏省,南京市,0bedf74f-aabd-4e01-aa4c-b6a0a9038e84,32.08534463,118.7980508,
ZGCS,1acb54cd-2ed4-42bb-b25a-c10697a803bd,江苏省无锡市,江苏省,无锡市,1acb54cd-2ed4-42bb-b25a-c10697a803bd,31.57562716,120.2990527,
ZGCS,faf9b582-d18e-4179-b61f-7dde910d0fbb,江苏省徐州市,江苏省,徐州市,faf9b582-d18e-4179-b61f-7dde910d0fbb,34.26360824,117.1825274,
ZGCS,463b93ec-ab8b-43b3-936a-62615fa4b3f6,江苏省常州市,江苏省,常州市,463b93ec-ab8b-43b3-936a-62615fa4b3f6,31.78344759,119.9510839,
ZGCS,41e26393-3817-44b9-937c-7dda52f4b972,江苏省苏州市,江苏省,苏州市,41e26393-3817-44b9-937c-7dda52f4b972,31.298829,120.585372,
ZGCS,9acf9e9f-cf41-48ba-b59f-9d4a96472ebf,江苏省南通市,江苏省,南通市,9acf9e9f-cf41-48ba-b59f-9d4a96472ebf,31.98472502,120.88507,
ZGCS,22d5fd15-c50e-418a-a6f1-ee4c7f8082a0,江苏省连云港市,江苏省,连云港市,22d5fd15-c50e-418a-a6f1-ee4c7f8082a0,34.5994982,119.1670043,
ZGCS,a57b37b4-1703-4ad5-a9c6-b4480e87da43,江苏省淮安市,江苏省,淮安市,a57b37b4-1703-4ad5-a9c6-b4480e87da43,33.61173224,119.0101923,
ZGCS,a40e5c44-078c-4bbb-9533-a0b06ebe1df2,江苏省盐城市,江苏省,盐城市,a40e5c44-078c-4bbb-9533-a0b06ebe1df2,33.3440036,120.1505106,
ZGCS,3ae7a19d-0f44-40c3-b39a-8178fd69f736,江苏省扬州市,江苏省,扬州市,3ae7a19d-0f44-40c3-b39a-8178fd69f736,32.38556996,119.4271532,
ZGCS,a2602a3c-b3c2-46be-824d-5b0db2bac40e,江苏省镇江市,江苏省,镇江市,a2602a3c-b3c2-46be-824d-5b0db2bac40e,32.20213693,119.434412,
ZGCS,a6f2f885-cd99-4f7a-bb52-4a9fcf6f0548,江苏省泰州市,江苏省,泰州市,a6f2f885-cd99-4f7a-bb52-4a9fcf6f0548,32.48789781,119.9040773,
ZGCS,2e8a20f2-eeb4-4926-83e3-79a617468d1c,江苏省宿迁市,江苏省,宿迁市,2e8a20f2-eeb4-4926-83e3-79a617468d1c,33.94685005,118.2951968,
ZGCS,aab059c0-b68d-426f-b494-03df9fab024e,浙江省杭州市,浙江省,杭州市,aab059c0-b68d-426f-b494-03df9fab024e,30.25258003,120.1650798,
ZGCS,6e17e0f2-cf5d-436b-b185-d1b3d0d040f1,浙江省台州市,浙江省,台州市,6e17e0f2-cf5d-436b-b185-d1b3d0d040f1,28.65944786,121.4159789,
ZGCS,7727cacd-4745-417f-b77d-a53e3797da7e,浙江省宁波市,浙江省,宁波市,7727cacd-4745-417f-b77d-a53e3797da7e,29.87222144,121.5417738,
ZGCS,41706d34-0b80-4de9-9e3c-d4faaf41e29b,浙江省温州市,浙江省,温州市,41706d34-0b80-4de9-9e3c-d4faaf41e29b,28.00269239,120.6478906,
ZGCS,3d7c0989-ae03-4c99-a87f-428d094ecc9e,浙江省嘉兴市,浙江省,嘉兴市,3d7c0989-ae03-4c99-a87f-428d094ecc9e,30.75806261,120.7492975,
ZGCS,ce90ba45-e6f4-447e-aa4f-2cf01ad74e75,浙江省湖州市,浙江省,湖州市,ce90ba45-e6f4-447e-aa4f-2cf01ad74e75,30.86341985,120.0964537,
ZGCS,aaaea951-413c-40ea-9c79-0f8c6a931a31,浙江省绍兴市,浙江省,绍兴市,aaaea951-413c-40ea-9c79-0f8c6a931a31,29.9929429,120.5790025,
ZGCS,b16de7b5-b0c2-464c-bd05-36c3958dd617,浙江省金华市,浙江省,金华市,b16de7b5-b0c2-464c-bd05-36c3958dd617,29.10737196,119.6491016,
ZGCS,1241fce0-635f-447e-9a21-e97ff6956889,浙江省衢州市,浙江省,衢州市,1241fce0-635f-447e-9a21-e97ff6956889,28.95596802,118.8679137,
ZGCS,abaf75a2-e66c-42c7-b911-1b386777bcbe,浙江省舟山市,浙江省,舟山市,abaf75a2-e66c-42c7-b911-1b386777bcbe,30.00976742,122.1065707,
ZGCS,44d6abc1-c743-4db3-a2cd-94aced01af96,浙江省丽水市,浙江省,丽水市,44d6abc1-c743-4db3-a2cd-94aced01af96,28.45196394,119.9093368,
ZGCS,04f299f0-c151-4faf-aa5f-8c42cf54347c,江西省南昌市,江西省,南昌市,04f299f0-c151-4faf-aa5f-8c42cf54347c,28.675991,115.89992,
ZGCS,5081ada5-32fc-4174-b2a4-16910b041a05,江西省景德镇市,江西省,景德镇市,5081ada5-32fc-4174-b2a4-16910b041a05,28.964994,117.12409,
ZGCS,2fdd21f0-a359-49c6-9bac-cf27585dc10e,江西省萍乡市,江西省,萍乡市,2fdd21f0-a359-49c6-9bac-cf27585dc10e,27.63268853,113.8368588,
ZGCS,2d44f023-d479-45d6-a341-b605b393c563,江西省九江市,江西省,九江市,2d44f023-d479-45d6-a341-b605b393c563,29.610123,115.89149,
ZGCS,a9105971-8550-4018-8936-e95990c3d84e,江西省新余市,江西省,新余市,a9105971-8550-4018-8936-e95990c3d84e,27.806547,114.92938,
ZGCS,82f8d337-2654-40a9-a946-8a2a50845c75,江西省鹰潭市,江西省,鹰潭市,82f8d337-2654-40a9-a946-8a2a50845c75,28.245586,117.03028,
ZGCS,ebc4fe4b-0c1c-4a52-8f5a-8b97fd156a93,江西省赣州市,江西省,赣州市,ebc4fe4b-0c1c-4a52-8f5a-8b97fd156a93,25.852882,114.93368,
ZGCS,8d57160b-c10e-46e7-8f5d-c7961fcc697c,江西省吉安市,江西省,吉安市,8d57160b-c10e-46e7-8f5d-c7961fcc697c,27.041361,114.90095,
ZGCS,8feb3e0f-c4f6-4e8b-9af4-db5cbe58a9bb,江西省宜春市,江西省,宜春市,8feb3e0f-c4f6-4e8b-9af4-db5cbe58a9bb,27.79285696,114.3716018,
ZGCS,f0b7b8cf-067d-46b4-a658-22a212bb8909,江西省抚州市,江西省,抚州市,f0b7b8cf-067d-46b4-a658-22a212bb8909,27.559717,116.62745,
ZGCS,a1fc90a0-e87c-47bb-a9b5-c83f6f68c7ad,江西省上饶市,江西省,上饶市,a1fc90a0-e87c-47bb-a9b5-c83f6f68c7ad,28.453266,117.9634,
ZGCS,fdca87a0-4718-4751-8d41-fee59523d5ee,山东省济南市,山东省,济南市,fdca87a0-4718-4751-8d41-fee59523d5ee,36.65554103,116.9671014,
ZGCS,77de1c89-30b5-470a-a9d8-2b3c12c7180d,山东省青岛市,山东省,青岛市,77de1c89-30b5-470a-a9d8-2b3c12c7180d,36.08764486,120.3429589,
ZGCS,12c8e096-9ec7-42d8-8f69-6af3425497bb,山东省淄博市,山东省,淄博市,12c8e096-9ec7-42d8-8f69-6af3425497bb,36.79769829,118.0538309,
ZGCS,d2ca7f81-8dd5-4621-b809-001099d16e7d,山东省枣庄市,山东省,枣庄市,d2ca7f81-8dd5-4621-b809-001099d16e7d,34.86699242,117.5526037,
ZGCS,8622aae4-2cae-4485-962f-a62c7f994d9d,山东省东营市,山东省,东营市,8622aae4-2cae-4485-962f-a62c7f994d9d,37.45548437,118.4728633,
ZGCS,56446300-0018-437c-bef2-2f3c92ae54ef,山东省烟台市,山东省,烟台市,56446300-0018-437c-bef2-2f3c92ae54ef,37.5452831,121.3602992,
ZGCS,cb9d642b-c9eb-41d0-8229-8005f1041f8a,山东省潍坊市,山东省,潍坊市,cb9d642b-c9eb-41d0-8229-8005f1041f8a,36.70718706,119.0944851,
ZGCS,43de8d28-4cfe-4c7b-a572-d55fc3cb363e,山东省威海市,山东省,威海市,43de8d28-4cfe-4c7b-a572-d55fc3cb363e,37.49800871,122.1149929,
ZGCS,06496169-efa9-4804-8be9-922b3d5a91fa,山东省济宁市,山东省,济宁市,06496169-efa9-4804-8be9-922b3d5a91fa,35.40282075,116.5804407,
ZGCS,56310066-b70e-4370-9178-588b973d7b69,山东省泰安市,山东省,泰安市,56310066-b70e-4370-9178-588b973d7b69,36.18268983,117.1285111,
ZGCS,28fefe2d-cce8-40cf-a9b7-d8a3b54d2488,山东省日照市,山东省,日照市,28fefe2d-cce8-40cf-a9b7-d8a3b54d2488,35.4194863,119.4466267,
ZGCS,ac33eb41-84db-43d8-9a2d-468bcd7febdc,山东省临沂市,山东省,临沂市,ac33eb41-84db-43d8-9a2d-468bcd7febdc,35.05703269,118.3357393,
ZGCS,942298e5-7020-4e55-a7e4-d335aa9b7e3d,山东省德州市,山东省,德州市,942298e5-7020-4e55-a7e4-d335aa9b7e3d,37.44600637,116.2794918,
ZGCS,a93cde71-6ae8-4b0f-ab23-738f1a6a75fd,山东省聊城市,山东省,聊城市,a93cde71-6ae8-4b0f-ab23-738f1a6a75fd,36.44737878,115.9717666,
ZGCS,241ee234-7166-494b-a964-9c99a24ae315,山东省滨州市,山东省,滨州市,241ee234-7166-494b-a964-9c99a24ae315,37.36984475,118.0096969,
ZGCS,604bfc9c-2acb-4442-ba1e-669c3274b276,山东省菏泽市,山东省,菏泽市,604bfc9c-2acb-4442-ba1e-669c3274b276,35.23984471,115.4364177,
ZGCS,80d9a6cb-b456-4454-a1f9-453cdb18e97a,安徽省合肥市,安徽省,合肥市,80d9a6cb-b456-4454-a1f9-453cdb18e97a,31.863255,117.2757,
ZGCS,c8e6fcd9-8718-413a-94b0-59e4cc70cdc4,安徽省芜湖市,安徽省,芜湖市,c8e6fcd9-8718-413a-94b0-59e4cc70cdc4,31.334496,118.35983,
ZGCS,1339e456-ba3e-47d7-8615-50bf55ed47ac,安徽省蚌埠市,安徽省,蚌埠市,1339e456-ba3e-47d7-8615-50bf55ed47ac,32.94161599,117.3356175,
ZGCS,b827aef3-6fd8-4138-93ed-87b7f7c8de5c,安徽省淮南市,安徽省,淮南市,b827aef3-6fd8-4138-93ed-87b7f7c8de5c,32.63000115,116.980002,
ZGCS,79fc37a2-5675-42b8-b0f0-17e9a5280f6a,安徽省马鞍山市,安徽省,马鞍山市,79fc37a2-5675-42b8-b0f0-17e9a5280f6a,31.73000094,118.4800002,
ZGCS,d2d478b8-f4a2-4bff-9d1f-9e83b5c121f7,安徽省淮北市,安徽省,淮北市,d2d478b8-f4a2-4bff-9d1f-9e83b5c121f7,33.94998885,116.7499925,
ZGCS,20a4c0d3-9886-4a5e-bf9b-fedb2d56351c,安徽省铜陵市,安徽省,铜陵市,20a4c0d3-9886-4a5e-bf9b-fedb2d56351c,30.953846,117.7875,
ZGCS,c38f14b0-d2ad-4786-bdbd-5ddc351abcf9,安徽省安庆市,安徽省,安庆市,c38f14b0-d2ad-4786-bdbd-5ddc351abcf9,30.49837531,117.0472002,
ZGCS,fdb8c857-0eb0-4e4e-b206-0c5aaa6bd663,安徽省黄山市,安徽省,黄山市,fdb8c857-0eb0-4e4e-b206-0c5aaa6bd663,29.7219639,118.3172877,
ZGCS,fa276e28-5393-4c8e-a43c-2a78bc934b51,安徽省滁州市,安徽省,滁州市,fa276e28-5393-4c8e-a43c-2a78bc934b51,32.30000031,118.3000032,
ZGCS,d3d54348-a96c-42b2-ae59-9738c8fe6dde,安徽省阜阳市,安徽省,阜阳市,d3d54348-a96c-42b2-ae59-9738c8fe6dde,32.90001392,115.8200032,
ZGCS,054415a2-1b35-4985-8457-1bbef21934d8,安徽省宿州市,安徽省,宿州市,054415a2-1b35-4985-8457-1bbef21934d8,33.63990462,116.9997026,
ZGCS,07650ee9-1703-4b01-ae1f-4e0d7dd106f8,安徽省巢湖市,安徽省,巢湖市,07650ee9-1703-4b01-ae1f-4e0d7dd106f8,31.714224,118.36112,
ZGCS,9ff9e7c8-8582-4bbc-b28c-5ccd13541ec7,安徽省六安市,安徽省,六安市,9ff9e7c8-8582-4bbc-b28c-5ccd13541ec7,31.74991089,116.4800943,
ZGCS,738b92c2-adb3-46fc-94d7-dc9613c09f61,安徽省亳州市,安徽省,亳州市,738b92c2-adb3-46fc-94d7-dc9613c09f61,33.86973504,115.7601057,
ZGCS,60125ab2-d6b2-4679-8dfe-718e15ad280d,安徽省池州市,安徽省,池州市,60125ab2-d6b2-4679-8dfe-718e15ad280d,30.64977253,117.4802231,
ZGCS,96e92c29-50ce-49de-b49a-941d124e594e,安徽省宣城市,安徽省,宣城市,96e92c29-50ce-49de-b49a-941d124e594e,30.93999484,118.7400017,
ZGCS,0a13d4b6-19e1-4cd7-9151-657c4b1eaac3,福建省福州市,福建省,福州市,0a13d4b6-19e1-4cd7-9151-657c4b1eaac3,26.07859,119.29781,
ZGCS,a5d8623b-a9c5-466e-bbce-c8e251800a2e,福建省厦门市,福建省,厦门市,a5d8623b-a9c5-466e-bbce-c8e251800a2e,24.457436,118.08752,
ZGCS,112d1dc6-f8c8-4988-a100-8c446b3fd807,福建省莆田市,福建省,莆田市,112d1dc6-f8c8-4988-a100-8c446b3fd807,25.438137,119.01032,
ZGCS,d744e932-e7d8-4f4a-a2d5-a650157116b0,福建省泉州市,福建省,泉州市,d744e932-e7d8-4f4a-a2d5-a650157116b0,24.915918,118.58964,
ZGCS,5801d6a3-dec9-4d61-b557-f1b63beab074,福建省漳州市,福建省,漳州市,5801d6a3-dec9-4d61-b557-f1b63beab074,24.518164,117.65309,
ZGCS,73c2b12b-d9e6-4b90-bc58-3a10cdb75458,福建省南平市,福建省,南平市,73c2b12b-d9e6-4b90-bc58-3a10cdb75458,26.644842,118.16912,
ZGCS,cf1b2cf4-2214-4770-9adc-abc63388d267,福建省龙岩市,福建省,龙岩市,cf1b2cf4-2214-4770-9adc-abc63388d267,25.109703,117.03039,
ZGCS,f39a9c02-80c5-4bb5-aac5-fd3331e7fb2d,福建省三明市,福建省,三明市,f39a9c02-80c5-4bb5-aac5-fd3331e7fb2d,26.223013,117.60123,
ZGCS,c979ae0a-8fac-48e9-85cc-35fe4087c581,福建省宁德市,福建省,宁德市,c979ae0a-8fac-48e9-85cc-35fe4087c581,26.666477,119.51832,
ZGCS,ca2c2cdd-c375-434c-ae41-f221edd876a7,河北省石家庄市,河北省,石家庄市,ca2c2cdd-c375-434c-ae41-f221edd876a7,38.0419423,114.4985925,
ZGCS,201edce7-8715-446b-b4a2-8828d4587ebc,河北省唐山市,河北省,唐山市,201edce7-8715-446b-b4a2-8828d4587ebc,39.61520269,118.180048,
ZGCS,b5fe5bcf-ef3c-4a04-bf63-0d3546cbe743,河北省秦皇岛市,河北省,秦皇岛市,b5fe5bcf-ef3c-4a04-bf63-0d3546cbe743,39.93126745,119.5975422,
ZGCS,79b64bd5-ee56-46a8-9e77-f37e51f30188,河北省邯郸市,河北省,邯郸市,79b64bd5-ee56-46a8-9e77-f37e51f30188,36.588005,114.53043,
ZGCS,9e4bc495-11cf-4bb9-916c-ee85fdad1cc8,河北省邢台市,河北省,邢台市,9e4bc495-11cf-4bb9-916c-ee85fdad1cc8,37.05825057,114.4924337,
ZGCS,2b8a3774-be2e-4031-b7fa-f106e0102ac2,河北省保定市,河北省,保定市,2b8a3774-be2e-4031-b7fa-f106e0102ac2,38.85522665,115.4803674,
ZGCS,99edfbec-f8f4-4589-b6fb-638234761e8e,河北省张家口市,河北省,张家口市,99edfbec-f8f4-4589-b6fb-638234761e8e,40.81274367,114.8785354,
ZGCS,363e07e6-3774-478f-ab39-e93e397ab2b2,河北省承德市,河北省,承德市,363e07e6-3774-478f-ab39-e93e397ab2b2,40.96413424,117.9280723,
ZGCS,6f3fc45b-10e9-4b4b-aeef-12f74928ec3b,河北省沧州市,河北省,沧州市,6f3fc45b-10e9-4b4b-aeef-12f74928ec3b,38.308842,116.86077,
ZGCS,2174de41-8be9-4d20-848c-d43ff9dbc7c3,河北省廊坊市,河北省,廊坊市,2174de41-8be9-4d20-848c-d43ff9dbc7c3,39.521315,116.707141,
ZGCS,f993ba17-39a6-4a5a-9b74-e5a0c9ff12dc,河北省衡水市,河北省,衡水市,f993ba17-39a6-4a5a-9b74-e5a0c9ff12dc,37.72837398,115.6915966,
ZGCS,a7bfe766-3b86-481d-b041-8194a7f0fddb,山西省太原市,山西省,太原市,a7bfe766-3b86-481d-b041-8194a7f0fddb,37.89305015,112.551696,
ZGCS,50de18c0-9848-4de1-9a70-5359ed3da45b,山西省大同市,山西省,大同市,50de18c0-9848-4de1-9a70-5359ed3da45b,40.09260345,113.2855024,
ZGCS,aece4f4d-02a4-43d2-9e31-033db75dfed5,山西省阳泉市,山西省,阳泉市,aece4f4d-02a4-43d2-9e31-033db75dfed5,37.85667326,113.5578056,
ZGCS,708931ca-ad42-4907-bd46-d2cd6ed8fe9d,山西省长治市,山西省,长治市,708931ca-ad42-4907-bd46-d2cd6ed8fe9d,36.045422,113.04483,
ZGCS,b22524f8-c1e2-4957-8efc-5885be7b7fed,山西省晋城市,山西省,晋城市,b22524f8-c1e2-4957-8efc-5885be7b7fed,35.50099855,112.8264787,
ZGCS,903bbed7-cdf6-4594-a780-687543e6b3ed,山西省朔州市,山西省,朔州市,903bbed7-cdf6-4594-a780-687543e6b3ed,39.31331972,112.4157972,
ZGCS,cc66cb63-8d50-4c23-a8a1-e6fa45ec3597,山西省晋中市,山西省,晋中市,cc66cb63-8d50-4c23-a8a1-e6fa45ec3597,37.7012734,112.7362014,
ZGCS,ebbad468-de0a-4792-9a1a-8749c5116f54,山西省运城市,山西省,运城市,ebbad468-de0a-4792-9a1a-8749c5116f54,35.01629739,110.9840061,
ZGCS,c3b9c009-3400-4b3f-8eb4-e01ad470e3b3,山西省忻州市,山西省,忻州市,c3b9c009-3400-4b3f-8eb4-e01ad470e3b3,38.40158409,112.7302016,
ZGCS,284ab395-572d-4768-ab09-ae68da4dc5de,山西省临汾市,山西省,临汾市,284ab395-572d-4768-ab09-ae68da4dc5de,36.08368167,111.5080038,
ZGCS,a2dd370f-c69a-45a6-bde5-d34490324afe,山西省吕梁市,山西省,吕梁市,a2dd370f-c69a-45a6-bde5-d34490324afe,37.52225203,111.1334813,
ZGCS,d68236fc-f151-4270-bf53-00a82236607d,内蒙古自治区呼和浩特市,内蒙古自治区,呼和浩特市,d68236fc-f151-4270-bf53-00a82236607d,40.81439383,111.6486551,
ZGCS,47288c1e-4460-49a7-8777-39cee10a77e6,内蒙古自治区包头市,内蒙古自治区,包头市,47288c1e-4460-49a7-8777-39cee10a77e6,40.65856664,109.8080981,
ZGCS,f62d334f-a362-47bb-a2bd-1b26dcf9480d,内蒙古自治区乌海市,内蒙古自治区,乌海市,f62d334f-a362-47bb-a2bd-1b26dcf9480d,39.66143144,106.8008014,
ZGCS,2c6f2c64-8a64-4479-9dac-c409325ac3a5,内蒙古自治区赤峰市,内蒙古自治区,赤峰市,2c6f2c64-8a64-4479-9dac-c409325ac3a5,42.2695243,118.9545098,
ZGCS,8bb03827-d3b7-42ba-b83c-5bcab28f6d7c,内蒙古自治区通辽市,内蒙古自治区,通辽市,8bb03827-d3b7-42ba-b83c-5bcab28f6d7c,43.6122704,122.2703819,
ZGCS,04d93477-32b4-433f-9732-88081f999602,内蒙古自治区鄂尔多斯市,内蒙古自治区,鄂尔多斯市,04d93477-32b4-433f-9732-88081f999602,39.82085982,109.9839284,
ZGCS,64236dde-2739-4bd1-83a4-26688454baa8,内蒙古自治区呼伦贝尔市,内蒙古自治区,呼伦贝尔市,64236dde-2739-4bd1-83a4-26688454baa8,49.20736936,119.7647918,
ZGCS,1c1b94a5-46d1-458e-af54-3da66f76ebc3,内蒙古自治区巴彦淖尔市,内蒙古自治区,巴彦淖尔市,1c1b94a5-46d1-458e-af54-3da66f76ebc3,40.73813715,107.4274049,
ZGCS,3b97133a-4531-48b5-a441-4739bb347d5e,内蒙古自治区乌兰察布市,内蒙古自治区,乌兰察布市,3b97133a-4531-48b5-a441-4739bb347d5e,41.0317149,113.090066,
ZGCS,4996f2c4-f577-45b0-94bd-2848d3652e7d,内蒙古自治区锡林郭勒盟,内蒙古自治区,锡林郭勒盟,4996f2c4-f577-45b0-94bd-2848d3652e7d,43.93699281,116.0589977,
ZGCS,55fa6371-8d60-4fa5-9d66-673b9449c1a0,内蒙古自治区兴安盟,内蒙古自治区,兴安盟,55fa6371-8d60-4fa5-9d66-673b9449c1a0,46.06875938,122.0636087,
ZGCS,00a06604-3238-4433-9e76-01c1036dd164,内蒙古自治区阿拉善盟,内蒙古自治区,阿拉善盟,00a06604-3238-4433-9e76-01c1036dd164,38.83343297,105.6624917,
ZGCS,a49bae9c-5d48-44ca-90c4-be853ff4afe0,陕西省西安市,陕西省,西安市,a49bae9c-5d48-44ca-90c4-be853ff4afe0,34.26591218,108.883189,
ZGCS,fc2daaa6-79e3-4d83-91b6-5d9418edc1e6,陕西省铜川市,陕西省,铜川市,fc2daaa6-79e3-4d83-91b6-5d9418edc1e6,35.07259585,109.0678021,
ZGCS,0ce851f7-aa98-4a35-a629-b67dc3f6001a,陕西省宝鸡市,陕西省,宝鸡市,0ce851f7-aa98-4a35-a629-b67dc3f6001a,34.38092591,107.1490001,
ZGCS,8c20fafa-764f-4912-87f5-f10c2ad8b86d,陕西省咸阳市,陕西省,咸阳市,8c20fafa-764f-4912-87f5-f10c2ad8b86d,34.32795572,108.5912724,
ZGCS,2c50e017-880d-4d80-9a2a-43967a252f82,陕西省渭南市,陕西省,渭南市,2c50e017-880d-4d80-9a2a-43967a252f82,34.49973653,109.4930495,
ZGCS,d8774fc0-c701-401d-bc47-c5da5c00b65d,陕西省延安市,陕西省,延安市,d8774fc0-c701-401d-bc47-c5da5c00b65d,36.59653104,109.4753145,
ZGCS,0eb38753-bc94-4f4c-9342-451b20117ebf,陕西省汉中市,陕西省,汉中市,0eb38753-bc94-4f4c-9342-451b20117ebf,33.0707506,107.0248039,
ZGCS,6da1325b-7926-4b17-9a39-6692f5e0e5d0,陕西省榆林市,陕西省,榆林市,6da1325b-7926-4b17-9a39-6692f5e0e5d0,38.28873099,109.7423132,
ZGCS,3e594680-4b99-4f63-9895-f0622b8a7610,陕西省安康市,陕西省,安康市,3e594680-4b99-4f63-9895-f0622b8a7610,32.68396123,109.013958,
ZGCS,9f8e71b1-c376-457c-b26d-0c4c64e5f31a,陕西省商洛市,陕西省,商洛市,9f8e71b1-c376-457c-b26d-0c4c64e5f31a,33.87385994,109.9267367,
ZGCS,d159b06f-f548-45ca-b149-adf6c22d09ff,宁夏回族自治区银川市,宁夏回族自治区,银川市,d159b06f-f548-45ca-b149-adf6c22d09ff,38.46798039,106.2623668,
ZGCS,58794128-7414-473b-b91b-abd0d3843830,宁夏回族自治区石嘴山市,宁夏回族自治区,石嘴山市,58794128-7414-473b-b91b-abd0d3843830,39.01600473,106.3721941,
ZGCS,76604c8c-0320-43c7-bbff-a9d950798cce,宁夏回族自治区吴忠市,宁夏回族自治区,吴忠市,76604c8c-0320-43c7-bbff-a9d950798cce,37.98530929,106.1963012,
ZGCS,f759a088-86e9-44a6-a41c-e7ebcb348abd,宁夏回族自治区固原市,宁夏回族自治区,固原市,f759a088-86e9-44a6-a41c-e7ebcb348abd,36.01110003,106.2732606,
ZGCS,a20ca070-9075-4cf8-9f48-5cfb4fd4d299,宁夏回族自治区中卫市,宁夏回族自治区,中卫市,a20ca070-9075-4cf8-9f48-5cfb4fd4d299,37.51456716,105.1746375,
ZGCS,9730614e-ea8f-433c-acf2-a94d95d85d1e,甘肃省兰州市,甘肃省,兰州市,9730614e-ea8f-433c-acf2-a94d95d85d1e,36.06854444,103.7508902,
ZGCS,3f52c132-1501-48df-bb0c-094f64ea8b25,甘肃省金昌市,甘肃省,金昌市,3f52c132-1501-48df-bb0c-094f64ea8b25,38.46668417,102.1665709,
ZGCS,b8b284a1-1d86-4037-9c1c-1e4d33698473,甘肃省白银市,甘肃省,白银市,b8b284a1-1d86-4037-9c1c-1e4d33698473,36.54892902,104.2011748,
ZGCS,3d623408-4b7c-41b3-a4c7-a05b5803b9b8,甘肃省天水市,甘肃省,天水市,3d623408-4b7c-41b3-a4c7-a05b5803b9b8,34.57621892,105.7096086,
ZGCS,cc55e59f-dd10-46bc-8dbd-5f04a995a9bc,甘肃省嘉峪关市,甘肃省,嘉峪关市,cc55e59f-dd10-46bc-8dbd-5f04a995a9bc,39.79428634,98.32185135,
ZGCS,c088c55c-8acd-4425-a7d2-3519a0e120eb,甘肃省武威市,甘肃省,武威市,c088c55c-8acd-4425-a7d2-3519a0e120eb,37.92484325,102.6316222,
ZGCS,7ab5b41a-e3e4-40c5-ba6e-1e37cf03fd45,甘肃省张掖市,甘肃省,张掖市,7ab5b41a-e3e4-40c5-ba6e-1e37cf03fd45,38.93259916,100.4573572,
ZGCS,7e45a3f2-7951-4fd7-8079-1e5faff9e89a,甘肃省平凉市,甘肃省,平凉市,7e45a3f2-7951-4fd7-8079-1e5faff9e89a,35.54238012,106.6808957,
ZGCS,899832fc-a4c8-4a72-8e87-54051118eac2,甘肃省酒泉市,甘肃省,酒泉市,899832fc-a4c8-4a72-8e87-54051118eac2,39.74289452,98.51245723,
ZGCS,659a1aed-3049-40b9-9e43-3e3473248313,甘肃省庆阳市,甘肃省,庆阳市,659a1aed-3049-40b9-9e43-3e3473248313,35.7293538,107.6349525,
ZGCS,133bb0d7-a380-421f-aa2e-f84b53925389,甘肃省定西市,甘肃省,定西市,133bb0d7-a380-421f-aa2e-f84b53925389,35.57809373,104.613387,
ZGCS,29ae404f-af6d-44ff-bda7-af38bf70254b,甘肃省陇南市,甘肃省,陇南市,29ae404f-af6d-44ff-bda7-af38bf70254b,33.39342597,104.9202403,
ZGCS,8f1ff0be-fbe2-48f1-88bb-8007cdc91d90,甘肃省临夏回族自治州,甘肃省,临夏回族自治州,8f1ff0be-fbe2-48f1-88bb-8007cdc91d90,35.60105007,103.205711,
ZGCS,5fde53d6-170c-455d-bbb4-ed50cf7021fb,甘肃省甘南藏族自治州,甘肃省,甘南藏族自治州,5fde53d6-170c-455d-bbb4-ed50cf7021fb,35.0027864,102.9188213,
ZGCS,76ec53a5-ced5-474c-ba68-2274da2c28fd,青海省西宁市,青海省,西宁市,76ec53a5-ced5-474c-ba68-2274da2c28fd,36.6212465,101.7779873,
ZGCS,caf92338-d828-4c05-887d-10b1f78ac00a,青海省海东市,青海省,海东市,caf92338-d828-4c05-887d-10b1f78ac00a,36.49275734,102.1031959,
ZGCS,8d76df37-4085-47bd-90c0-cec19385bf7b,青海省海西蒙古族藏族自治州,青海省,海西蒙古族藏族自治州,8d76df37-4085-47bd-90c0-cec19385bf7b,38.74232263,93.330613,
ZGCS,5f25d268-d38e-41b0-ad2a-8d2b2a6b1d27,青海省海北藏族自治州,青海省,海北藏族自治州,5f25d268-d38e-41b0-ad2a-8d2b2a6b1d27,36.899391,100.98606,
ZGCS,b46a3d87-354d-436f-a6c8-e59e39d311c2,青海省黄南藏族自治州,青海省,黄南藏族自治州,b46a3d87-354d-436f-a6c8-e59e39d311c2,35.51407935,102.0166921,
ZGCS,e4a8fbaf-f48f-4f60-b533-fcba4a3c31fc,青海省海南藏族自治州,青海省,海南藏族自治州,e4a8fbaf-f48f-4f60-b533-fcba4a3c31fc,36.28009,100.61626,
ZGCS,575ecf36-2b27-4d7a-8d54-db69f1f7f1c2,青海省果洛藏族自治州,青海省,果洛藏族自治州,575ecf36-2b27-4d7a-8d54-db69f1f7f1c2,34.474026,100.24619,
ZGCS,962813d4-d59a-40ce-b5d5-8bfcf6983ed0,青海省玉树藏族自治州,青海省,玉树藏族自治州,962813d4-d59a-40ce-b5d5-8bfcf6983ed0,33.00386692,97.01332082,
ZGCS,aa488765-0919-47f2-8648-7d62a3d8de46,新疆维吾尔自治区乌鲁木齐市,新疆维吾尔自治区,乌鲁木齐市,aa488765-0919-47f2-8648-7d62a3d8de46,43.78259334,87.58649898,
ZGCS,30c3695c-b294-47d8-8325-afc230833852,新疆维吾尔自治区哈密地区,新疆维吾尔自治区,哈密地区,30c3695c-b294-47d8-8325-afc230833852,43.212,91.744,
ZGCS,81894ed1-d284-46f6-9544-ccd2e6652844,新疆维吾尔自治区克拉玛依市,新疆维吾尔自治区,克拉玛依市,81894ed1-d284-46f6-9544-ccd2e6652844,45.59689992,84.86725822,
ZGCS,8d27308d-2985-4ade-9d23-e9fe2b5a483e,新疆维吾尔自治区石河子市,新疆维吾尔自治区,石河子市,8d27308d-2985-4ade-9d23-e9fe2b5a483e,44.307814,86.080602,
ZGCS,7059af45-39b2-4d45-ab4f-7723aabf2222,新疆维吾尔自治区阿拉尔市,新疆维吾尔自治区,阿拉尔市,7059af45-39b2-4d45-ab4f-7723aabf2222,40.5507797,81.280527,
ZGCS,1ce615b5-0c9b-41e9-bf64-b96f1c5301fd,新疆维吾尔自治区博尔塔拉蒙古自治州,新疆维吾尔自治区,博尔塔拉蒙古自治州,1ce615b5-0c9b-41e9-bf64-b96f1c5301fd,44.90734989,82.071308,
ZGCS,adf616ce-2d66-4ddb-b3ee-71da8d8bce91,新疆维吾尔自治区吐鲁番地区,新疆维吾尔自治区,吐鲁番地区,adf616ce-2d66-4ddb-b3ee-71da8d8bce91,42.97380651,89.17833267,
ZGCS,9166979e-8543-45bd-9685-76eebeb285db,新疆维吾尔自治区克孜勒苏柯尔克孜自治州,新疆维吾尔自治区,克孜勒苏柯尔克孜自治州,9166979e-8543-45bd-9685-76eebeb285db,39.70968108,76.16126878,
ZGCS,0c667d5f-50fe-45b1-84c0-9e8fbdb2d07a,新疆维吾尔自治区阿克苏地区,新疆维吾尔自治区,阿克苏地区,0c667d5f-50fe-45b1-84c0-9e8fbdb2d07a,41.17189303,80.25687664,
ZGCS,e498607e-6928-426b-a37f-110280bb140c,新疆维吾尔自治区和田地区,新疆维吾尔自治区,和田地区,e498607e-6928-426b-a37f-110280bb140c,37.11139323,79.9158325,
ZGCS,552325b2-e3c8-41c7-885f-d2380d3f3fbd,新疆维吾尔自治区喀什地区,新疆维吾尔自治区,喀什地区,552325b2-e3c8-41c7-885f-d2380d3f3fbd,39.46036677,75.98790145,
ZGCS,d96c4d7d-ac3d-4861-bba8-47758cda35bb,新疆维吾尔自治区巴音郭楞蒙古自治州,新疆维吾尔自治区,巴音郭楞蒙古自治州,d96c4d7d-ac3d-4861-bba8-47758cda35bb,41.756794,86.136261,
ZGCS,56a7744c-27c1-48c5-8d8a-5c2b5c2e8534,新疆维吾尔自治区昌吉回族自治州,新疆维吾尔自治区,昌吉回族自治州,56a7744c-27c1-48c5-8d8a-5c2b5c2e8534,44.0155087,87.29494769,
ZGCS,2cc794d0-e774-4977-94b5-6098a27f6b01,新疆维吾尔自治区伊犁哈萨克自治州,新疆维吾尔自治区,伊犁哈萨克自治州,2cc794d0-e774-4977-94b5-6098a27f6b01,43.98337482,81.5172216,
ZGCS,3c6da68f-6580-4e8d-a11e-bb9e44b29994,新疆维吾尔自治区塔城地区,新疆维吾尔自治区,塔城地区,3c6da68f-6580-4e8d-a11e-bb9e44b29994,46.748272,82.985199,
ZGCS,adca9b55-39d9-41fe-931d-9e3466203fd8,新疆维吾尔自治区阿勒泰地区,新疆维吾尔自治区,阿勒泰地区,adca9b55-39d9-41fe-931d-9e3466203fd8,47.705654,86.861977,
ZGCS,66a7f698-7df1-4378-bd0b-b1166e659904,四川省成都市,四川省,成都市,66a7f698-7df1-4378-bd0b-b1166e659904,30.66999375,104.0713203,
ZGCS,696d8d5f-c100-4867-bc5f-be213eeaa899,四川省自贡市,四川省,自贡市,696d8d5f-c100-4867-bc5f-be213eeaa899,29.35697076,104.7633966,
ZGCS,169ef984-1891-423e-8317-49506030436a,四川省攀枝花市,四川省,攀枝花市,169ef984-1891-423e-8317-49506030436a,26.54958121,101.7336365,
ZGCS,8f16fbbe-f811-430b-9861-265cac9c1b7d,四川省泸州市,四川省,泸州市,8f16fbbe-f811-430b-9861-265cac9c1b7d,28.8881342,105.4440681,
ZGCS,f8ca7977-e8b6-4bd7-9708-a394121dc09d,四川省德阳市,四川省,德阳市,f8ca7977-e8b6-4bd7-9708-a394121dc09d,31.14759291,104.3753519,
ZGCS,d5213f07-c7ef-478f-aef6-e460c70a0a0b,四川省绵阳市,四川省,绵阳市,d5213f07-c7ef-478f-aef6-e460c70a0a0b,31.47377006,104.728114,
ZGCS,0f028c0d-8caf-477d-acd2-eedc7eeac270,四川省广元市,四川省,广元市,0f028c0d-8caf-477d-acd2-eedc7eeac270,32.44597461,105.8197018,
ZGCS,9d053bc6-6b75-46e0-82c9-97f78812b462,四川省遂宁市,四川省,遂宁市,9d053bc6-6b75-46e0-82c9-97f78812b462,30.50891574,105.5753057,
ZGCS,f869b0ac-97d6-4ad2-849b-2a2e5ab02e69,四川省内江市,四川省,内江市,f869b0ac-97d6-4ad2-849b-2a2e5ab02e69,29.58414864,105.0589472,
ZGCS,71846220-babd-4d3b-8b95-3cdc3be4ebc0,四川省乐山市,四川省,乐山市,71846220-babd-4d3b-8b95-3cdc3be4ebc0,29.56456364,103.7474879,
ZGCS,7fc31f1b-6588-49c1-834e-7f93d4812de9,四川省南充市,四川省,南充市,7fc31f1b-6588-49c1-834e-7f93d4812de9,30.79694357,106.0836079,
ZGCS,ef49b939-5173-488d-a11c-7beab33e5993,四川省眉山市,四川省,眉山市,ef49b939-5173-488d-a11c-7beab33e5993,30.05341159,103.8288073,
ZGCS,eb0dcae9-a227-411c-a8c0-a691edff1123,四川省宜宾市,四川省,宜宾市,eb0dcae9-a227-411c-a8c0-a691edff1123,28.76485932,104.6229016,
ZGCS,db33ca4e-5420-4fc0-9d8e-9eb1e7bb9dec,四川省广安市,四川省,广安市,db33ca4e-5420-4fc0-9d8e-9eb1e7bb9dec,30.474428,106.63175,
ZGCS,187cd9fe-ec97-469b-bb16-45b9384b8e46,四川省达州市,四川省,达州市,187cd9fe-ec97-469b-bb16-45b9384b8e46,32.069965,108.04597,
ZGCS,9cf0b590-cb23-4bbd-a49c-9eab9c181b0d,四川省雅安市,四川省,雅安市,9cf0b590-cb23-4bbd-a49c-9eab9c181b0d,29.982294,102.9827,
ZGCS,db56b435-be6f-4cb6-a6e8-d3c1827bcd1d,四川省巴中市,四川省,巴中市,db56b435-be6f-4cb6-a6e8-d3c1827bcd1d,31.85628688,106.7622075,
ZGCS,773e0a35-2c45-48c1-b4eb-3029f8cf79da,四川省资阳市,四川省,资阳市,773e0a35-2c45-48c1-b4eb-3029f8cf79da,30.13015166,104.648536,
ZGCS,279daa15-3eed-4e3a-bdf0-ab5dd86f3e27,四川省阿坝藏族羌族自治州,四川省,阿坝藏族羌族自治州,279daa15-3eed-4e3a-bdf0-ab5dd86f3e27,31.9015132298,102.2178801392,
ZGCS,58c5f9ba-6950-43cb-876b-98dca52bc2bb,四川省甘孜藏族自治州,四川省,甘孜藏族自治州,58c5f9ba-6950-43cb-876b-98dca52bc2bb,30.05238635,101.9599335,
ZGCS,cb00efe6-7e6d-4d15-82f5-52928b4300bb,四川省凉山彝族自治州,四川省,凉山彝族自治州,cb00efe6-7e6d-4d15-82f5-52928b4300bb,27.89851577,102.2701108,
ZGCS,0acfd254-7aef-4771-a7af-7000f2c5d292,云南省昆明市,云南省,昆明市,0acfd254-7aef-4771-a7af-7000f2c5d292,25.05102907,102.7021004,
ZGCS,b1782280-1ff2-4c55-b552-795ccf3999de,云南省曲靖市,云南省,曲靖市,b1782280-1ff2-4c55-b552-795ccf3999de,25.48664597,103.7934925,
ZGCS,e6e807db-e585-407d-958d-91e337efb36a,云南省玉溪市,云南省,玉溪市,e6e807db-e585-407d-958d-91e337efb36a,24.354973,102.53323,
ZGCS,8ef570b7-706e-4c19-b0ee-ed4cbd5a5e1f,云南省保山市,云南省,保山市,8ef570b7-706e-4c19-b0ee-ed4cbd5a5e1f,25.116802,99.168724,
ZGCS,a5514f60-07ee-428d-8bd0-fd7b2c91911b,云南省昭通市,云南省,昭通市,a5514f60-07ee-428d-8bd0-fd7b2c91911b,27.342279,103.71493,
ZGCS,b02a3037-5cfc-425e-a09c-f6ec8d4634e4,云南省丽江市,云南省,丽江市,b02a3037-5cfc-425e-a09c-f6ec8d4634e4,26.689333,100.74804,
ZGCS,ef7eff2e-9622-45a3-9a85-e7e40256d9a1,云南省普洱市,云南省,普洱市,ef7eff2e-9622-45a3-9a85-e7e40256d9a1,23.066851,101.03731,
ZGCS,08d80446-1fab-430f-bfa5-ab4a5bc5adb1,云南省临沧市,云南省,临沧市,08d80446-1fab-430f-bfa5-ab4a5bc5adb1,23.88775765,100.0856994,
ZGCS,80e4379f-1ed1-4fdc-adac-2dd67cbbe4f3,云南省文山壮族苗族自治州,云南省,文山壮族苗族自治州,80e4379f-1ed1-4fdc-adac-2dd67cbbe4f3,23.374918,104.23912,
ZGCS,43a4bcc6-1c5a-4bc3-99c3-ef17c89eec87,云南省红河哈尼族彝族自治州,云南省,红河哈尼族彝族自治州,43a4bcc6-1c5a-4bc3-99c3-ef17c89eec87,23.369949,103.39257,
ZGCS,16f614cf-3212-48c1-991c-1b94f1daa307,云南省楚雄彝族自治州,云南省,楚雄彝族自治州,16f614cf-3212-48c1-991c-1b94f1daa307,25.033052,101.54377,
ZGCS,9495cd0e-a6a0-4ee9-8791-9acb0c1051a5,云南省大理白族自治州,云南省,大理白族自治州,9495cd0e-a6a0-4ee9-8791-9acb0c1051a5,25.589535,100.22636,
ZGCS,53aeb434-e55e-4e7c-a97d-14f4997a6333,云南省德宏傣族景颇族自治州,云南省,德宏傣族景颇族自治州,53aeb434-e55e-4e7c-a97d-14f4997a6333,24.442421,98.589989,
ZGCS,23799664-ab9a-4dfb-8aed-78e75dc6691e,云南省怒江傈僳族自治州,云南省,怒江傈僳族自治州,23799664-ab9a-4dfb-8aed-78e75dc6691e,26.45540821,99.41856636,
ZGCS,6a73f653-477d-411d-a7d1-ac2dcd559995,云南省迪庆藏族自治州,云南省,迪庆藏族自治州,6a73f653-477d-411d-a7d1-ac2dcd559995,28.48947404,98.9054187,
ZGCS,35d11dce-bf35-4afc-994f-a7154169a9b1,云南省西双版纳傣族自治州,云南省,西双版纳傣族自治州,35d11dce-bf35-4afc-994f-a7154169a9b1,22.01218577,100.771679,
ZGCS,124198d7-13ac-472e-82d3-56006d5c4659,贵州省贵阳市,贵州省,贵阳市,124198d7-13ac-472e-82d3-56006d5c4659,26.57193679,106.7003035,
ZGCS,172105aa-e8c0-4998-9512-697690c3d27d,贵州省六盘水市,贵州省,六盘水市,172105aa-e8c0-4998-9512-697690c3d27d,26.576775,104.87325,
ZGCS,56c3c959-e6c1-4865-9ea1-0be454722ae4,贵州省遵义市,贵州省,遵义市,56c3c959-e6c1-4865-9ea1-0be454722ae4,27.695387,106.9294,
ZGCS,120e5603-ef9b-4c24-800c-5662671087b4,贵州省安顺市,贵州省,安顺市,120e5603-ef9b-4c24-800c-5662671087b4,26.244259,105.92607,
ZGCS,5b1804a9-c88f-4092-9049-a9daf55a6114,贵州省铜仁市,贵州省,铜仁市,5b1804a9-c88f-4092-9049-a9daf55a6114,27.722166,109.19268,
ZGCS,30d2e604-5418-4a92-ad32-8853df08c1d3,贵州省毕节市,贵州省,毕节市,30d2e604-5418-4a92-ad32-8853df08c1d3,27.306295,105.28242,
ZGCS,1c935a9f-943e-4246-9d25-b586f2470200,贵州省黔西南布依族苗族自治州,贵州省,黔西南布依族苗族自治州,1c935a9f-943e-4246-9d25-b586f2470200,25.086828,104.8959,
ZGCS,88a2c116-4566-415c-8cb0-e5d54f2cb83f,贵州省黔东南苗族侗族自治州,贵州省,黔东南苗族侗族自治州,88a2c116-4566-415c-8cb0-e5d54f2cb83f,26.588884,107.97711,
ZGCS,43e2c575-2283-4c2f-be81-b88c2f98beb6,贵州省黔南布依族苗族自治州,贵州省,黔南布依族苗族自治州,43e2c575-2283-4c2f-be81-b88c2f98beb6,26.263321,107.51804,
ZGCS,690cb34c-9953-4a64-a9cc-b46316818dfe,西藏自治区拉萨市,西藏自治区,拉萨市,690cb34c-9953-4a64-a9cc-b46316818dfe,29.65070056,91.1320863,
ZGCS,64ce59d1-6183-4287-8793-89c063912f23,西藏自治区昌都市,西藏自治区,昌都市,64ce59d1-6183-4287-8793-89c063912f23,31.14443031,97.17398317,
ZGCS,369caf1e-964a-4c7d-a5bc-9e8a46af8fbc,西藏自治区山南地区,西藏自治区,山南地区,369caf1e-964a-4c7d-a5bc-9e8a46af8fbc,29.227381,91.776596,
ZGCS,d4385a55-b4c9-40d1-ab99-e3eec196da6f,西藏自治区日喀则市,西藏自治区,日喀则市,d4385a55-b4c9-40d1-ab99-e3eec196da6f,29.27374117,88.89901013,
ZGCS,24a59d73-e241-4e41-8f05-7258c8913afc,西藏自治区那曲地区,西藏自治区,那曲地区,24a59d73-e241-4e41-8f05-7258c8913afc,31.47641563,92.05605982,
ZGCS,36731950-b81d-4b31-88af-d3a903bf0435,西藏自治区阿里地区,西藏自治区,阿里地区,36731950-b81d-4b31-88af-d3a903bf0435,32.50240048,80.10640879,
ZGCS,b089aa8d-409c-4e8d-bbfe-0c0778491716,西藏自治区林芝市,西藏自治区,林芝市,b089aa8d-409c-4e8d-bbfe-0c0778491716,29.57744511,94.48417009,
ZGCS,417247f0-8b56-4985-a37d-87f63fc06f6c,香港特别行政区香港特别行政区,香港特别行政区,香港特别行政区,417247f0-8b56-4985-a37d-87f63fc06f6c,22.280244,114.15675,
ZGCS,2cdbc7e7-0091-49f3-89bf-b3f08651af41,澳门特别行政区澳门特别行政区,澳门特别行政区,澳门特别行政区,2cdbc7e7-0091-49f3-89bf-b3f08651af41,22.20187633,113.5442043,
ZGCS,9d284cb2-a8ec-4e94-b87d-1ff9127e041f,台湾台北市,台湾,台北市,9d284cb2-a8ec-4e94-b87d-1ff9127e041f,25.03508868,121.5066992,
ZGCS,9a8ffc93-9ea6-45d1-aa33-28dc6e65330a,台湾新北市,台湾,新北市,9a8ffc93-9ea6-45d1-aa33-28dc6e65330a,25.013855,121.45836,
ZGCS,3227fe08-095b-4844-909a-fb7175ba2f2b,台湾高雄市,台湾,高雄市,3227fe08-095b-4844-909a-fb7175ba2f2b,22.61935596,120.2763968,
ZGCS,4aa49ff5-e14b-47ac-b2ac-b17a99ac276b,台湾台中市,台湾,台中市,4aa49ff5-e14b-47ac-b2ac-b17a99ac276b,24.14364069,120.6703028,
ZGCS,d11b0cf0-1d51-46f0-b327-98e137f07565,台湾新竹市,台湾,新竹市,d11b0cf0-1d51-46f0-b327-98e137f07565,24.809208,120.95786,
ZGCS,0d993066-aeb0-4edd-897f-83f85e604553,台湾嘉义市,台湾,嘉义市,0d993066-aeb0-4edd-897f-83f85e604553,23.483335,120.43589,
ZGCS,7e0aafc3-0beb-403f-8511-38a8c17f9298,台湾宜兰县,台湾,宜兰县,7e0aafc3-0beb-403f-8511-38a8c17f9298,24.76623743,121.7451026,
ZGCS,435f2242-c238-4d4a-8f30-cba3511093bc,台湾桃园市,台湾,桃园市,435f2242-c238-4d4a-8f30-cba3511093bc,24.97442832,121.2926428,
ZGCS,d731b5d6-41be-4e99-9310-558359a437d4,台湾苗栗县,台湾,苗栗县,d731b5d6-41be-4e99-9310-558359a437d4,24.52627397,120.7992542,
ZGCS,c3529b00-52c2-4a45-ab02-78e4d5b65ed4,台湾彰化县,台湾,彰化县,c3529b00-52c2-4a45-ab02-78e4d5b65ed4,24.076578,120.53527,
ZGCS,68657f6f-384a-4ce6-8f5c-a6afa7bfc26f,台湾南投县,台湾,南投县,68657f6f-384a-4ce6-8f5c-a6afa7bfc26f,23.9097296,120.6733484,
ZGCS,c6d8bf62-d55e-42dc-9e7d-9d30cf7d670a,台湾云林县,台湾,云林县,c6d8bf62-d55e-42dc-9e7d-9d30cf7d670a,23.718073,120.53808,
ZGCS,fa2ef7f5-86cc-40c1-a779-67ef45159a87,台湾台南市,台湾,台南市,fa2ef7f5-86cc-40c1-a779-67ef45159a87,23.313587,120.31344,
ZGCS,f6f88112-d775-4ef8-94da-3853a4d3967b,台湾屏东县,台湾,屏东县,f6f88112-d775-4ef8-94da-3853a4d3967b,22.67303357,120.4777911,
ZGCS,c90bb1f0-f6e6-44dc-ac95-74b536461830,台湾台东县,台湾,台东县,c90bb1f0-f6e6-44dc-ac95-74b536461830,22.757282,121.14621,
ZGCS,00d8a2bd-8e39-4772-9369-8d1ac3cffb56,台湾花莲县,台湾,花莲县,00d8a2bd-8e39-4772-9369-8d1ac3cffb56,23.983141,121.60255,
ZGCS,b14abb8e-4deb-450e-99dd-e5ce0d967f32,台湾钓鱼岛,台湾,钓鱼岛,b14abb8e-4deb-450e-99dd-e5ce0d967f32,25.7458778,123.474492,
ZGCS,788b6dd3-2924-4d12-9875-e06c2f7549a9,台湾金门县,台湾,金门县,788b6dd3-2924-4d12-9875-e06c2f7549a9,24.4427564777,118.349214505,
ZGCS,e1aba7cf-5687-444c-b52e-6018e0ebe2f9,台湾嘉义县,台湾,嘉义县,e1aba7cf-5687-444c-b52e-6018e0ebe2f9,23.5554206407,120.63873638,
ZGCS,f5e961c6-8efa-4c51-8ca1-ed9dd3aefabc,台湾连江县,台湾,连江县,f5e961c6-8efa-4c51-8ca1-ed9dd3aefabc,26.3692262727,120.490441845,
ZGCS,d834e776-1579-4936-af45-ab5d2f91c333,台湾新竹县,台湾,新竹县,d834e776-1579-4936-af45-ab5d2f91c333,24.7851669613,121.186372962,
ZGCS,6c29808d-2521-4530-b489-cfd41dfb10a4,台湾澎湖县,台湾,澎湖县,6c29808d-2521-4530-b489-cfd41dfb10a4,23.5781880663,119.645468805,
ZGCS,a61bfa29-05d9-4c1b-94e7-adcaaaa77735,台湾基隆市,台湾,基隆市,a61bfa29-05d9-4c1b-94e7-adcaaaa77735,25.1417930116,121.707687746,
